url,date
https://www.youtube.com/watch?v=p9sfxpgRATM&ab_channel=Squeezie,2024-05-20
https://www.youtube.com/watch?v=pTf1ew12VA4&ab_channel=thierryvigneauboiserie,2024-05-20
https://www.youtube.com/watch?v=Ym4lvhSZte8&ab_channel=DAZNBoxing,2024-05-20
https://www.youtube.com/watch?v=6hVcBKxXTXc&ab_channel=DAZNBoxing,2024-05-20
https://www.youtube.com/watch?v=PW0I6bZo0JM&ab_channel=nbaextra-beinsports,2024-05-20
https://www.youtube.com/watch?v=WOwgEajEu80&ab_channel=Djilsi,2024-05-20
https://www.youtube.com/watch?v=NR3kOcBC3mE&ab_channel=toinelag,2024-05-20
https://www.youtube.com/watch?v=AZuSCPFBgpY&ab_channel=savun,2024-05-20
https://www.youtube.com/watch?v=G-4nTT0zyc0&ab_channel=EspritDog,2024-05-20
https://www.youtube.com/watch?v=1pGkg05KMpY&ab_channel=AlizeeBois,2024-05-20
https://www.youtube.com/watch?v=_TTW41WDBpU&ab_channel=TV5MONDEInfo,2024-05-20
https://www.youtube.com/watch?v=sfa4Pi6UnKo&ab_channel=HLGmachinery,2024-05-20
https://www.youtube.com/watch?v=3LpISPs6_68&ab_channel=OlympiqueLyonnais,2024-05-20
https://www.youtube.com/watch?v=lkMsn1Fwj1M&ab_channel=Gotaga,2024-05-20
https://www.youtube.com/watch?v=BalppErATB0&ab_channel=euronewsfr,2024-05-20
https://www.youtube.com/watch?v=wu8qwKiqpKk&ab_channel=manutd,2024-05-20
https://www.youtube.com/watch?v=avC_gU4dLro&ab_channel=beINSPORTSFrance,2024-05-20
https://www.youtube.com/watch?v=ghJRGohpj1c&ab_channel=Ligue1UberEats,2024-05-20
https://www.youtube.com/watch?v=TrJQUxZIhec&ab_channel=motionstation4342,2024-05-20
https://www.youtube.com/watch?v=wcizRPMLGec&ab_channel=PugilatFR,2024-05-20
https://www.youtube.com/watch?v=VBliAw4kLQ4&ab_channel=CanalplusSport,2024-05-20
https://www.youtube.com/watch?v=jiJVLE_CSYk&ab_channel=EdwardRetroDecouverte,2024-05-20
https://www.youtube.com/watch?v=sPGX9KvmetQ&ab_channel=Valouzz_,2024-05-20
https://www.youtube.com/watch?v=w9QTsqbo5Vw&ab_channel=lasueuroff,2024-05-20
https://www.youtube.com/watch?v=2_wez2egxYw&ab_channel=EurovisionFranceFTV,2024-05-20
https://www.youtube.com/watch?v=Y3m9hOTEBQk&ab_channel=SylvainLyve,2024-05-20
https://www.youtube.com/watch?v=3TF3NNnLED0&ab_channel=lechefotaku,2024-05-20
https://www.youtube.com/watch?v=8laft1o2_-8&ab_channel=LeFatShow,2024-05-20
https://www.youtube.com/watch?v=4tQ4kJHzyyM&ab_channel=Bronol,2024-05-20
https://www.youtube.com/watch?v=QuV_gzNtV-s&ab_channel=COLAS.,2024-05-20
https://www.youtube.com/watch?v=20ao5Y2Dwng&ab_channel=RedBullCheckpoint,2024-05-20
https://www.youtube.com/watch?v=B3lnr_VuO1U&ab_channel=VousSavezQui,2024-05-20
https://www.youtube.com/watch?v=-AIftQIN_Yg&ab_channel=marca2c,2024-05-20
https://www.youtube.com/watch?v=oEaZnaW9gZk&ab_channel=LeJardindEmerveille,2024-05-20
https://www.youtube.com/watch?v=1r4cprMULjk&ab_channel=EurosportFrance,2024-05-20
https://www.youtube.com/watch?v=QCgIuTdX2TU&ab_channel=BentalhaMalik,2024-05-20
https://www.youtube.com/watch?v=-XyLecY2JyE&ab_channel=EurovisionSongContest,2024-05-20
https://www.youtube.com/watch?v=H5x0I0jT7so&ab_channel=Joyca,2024-05-20
https://www.youtube.com/watch?v=CO_qJf-nW0k&ab_channel=EurovisionSongContest,2024-05-20
https://www.youtube.com/watch?v=IQIPB1QstJo&ab_channel=SEBFRIT,2024-05-20
https://www.youtube.com/watch?v=8QIi8Ipc0wo&ab_channel=NetflixFrance,2024-05-20
https://www.youtube.com/watch?v=IVtbOXQ8urA&ab_channel=Amixem,2024-05-20
https://www.youtube.com/watch?v=XBtzXlnqXSQ&ab_channel=legrandjd,2024-05-20
https://www.youtube.com/watch?v=Fjlgeyfwct8&ab_channel=Djilsi,2024-05-20
https://www.youtube.com/watch?v=FmhHZpOpAAc&ab_channel=francetv,2024-05-20
https://www.youtube.com/watch?v=mGWMCKAeQhU&ab_channel=Natooyt,2024-05-20
https://www.youtube.com/watch?v=EgfNeQm_z6k&ab_channel=Ven1.92,2024-05-20
https://www.youtube.com/watch?v=rBz04cj8rT4&ab_channel=LesBonusDeMisterV,2024-05-20
https://www.youtube.com/watch?v=-IPBu2Qsfxs&ab_channel=lemondealenversvideo,2024-05-20
https://www.youtube.com/watch?v=vovkzbtYBC8&ab_channel=Ubisoft,2024-05-20
https://www.youtube.com/watch?v=gyPqM7lu27Q&ab_channel=Michou,2024-05-20
https://www.youtube.com/watch?v=UqHf1k4vMA4&ab_channel=StationServiceVideo,2024-05-20
https://www.youtube.com/watch?v=7YhGwSaLzC0&ab_channel=LeFatShow,2024-05-20
https://www.youtube.com/watch?v=3rcC9jVlhhw&ab_channel=julsaintjean,2024-05-20
https://www.youtube.com/watch?v=7mquJtsZkDs&ab_channel=Hugopose,2024-05-20
https://www.youtube.com/watch?v=nA98lpMZ2qc&ab_channel=CharlesMelanie,2024-05-20
https://www.youtube.com/watch?v=prJ8IwzTdHQ&ab_channel=luluroncedenoyer3468,2024-05-20
https://www.youtube.com/watch?v=f-z9PFfpzeE&ab_channel=EurovisionSongContest,2024-05-20
https://www.youtube.com/watch?v=nxPpvbQqXuE&ab_channel=SPuech,2024-05-20
https://www.youtube.com/watch?v=phuiiNCxRMg&ab_channel=SMTOWN,2024-05-20
https://www.youtube.com/watch?v=tD0gs5lQrR0&ab_channel=Mastu,2024-05-20
https://www.youtube.com/watch?v=bIMvvwm9fHM&ab_channel=DarkoCTTG,2024-05-21
https://www.youtube.com/watch?v=FBozq0agxb4&ab_channel=thierryvigneauboiserie,2024-05-21
https://www.youtube.com/watch?v=ZVHJOTGsgtQ&ab_channel=HYCONIQMAG,2024-05-21
https://www.youtube.com/watch?v=eNNwhaaE2s4&ab_channel=pierrecroce,2024-05-21
https://www.youtube.com/watch?v=O7ix2RTfzJU&ab_channel=TristanDefeuilletVang,2024-05-21
https://www.youtube.com/watch?v=OuOv66Y0ciM&ab_channel=mangatrash,2024-05-21
https://www.youtube.com/watch?v=KCsg-HaUhQY&ab_channel=Amixem,2024-05-21
https://www.youtube.com/watch?v=0OJyEoFc1aw&ab_channel=Pi-Wan,2024-05-21
https://www.youtube.com/watch?v=piC7VcQWVnM&ab_channel=MetropolitanFilms,2024-05-21
https://www.youtube.com/watch?v=s38W-RGEApc&ab_channel=VancityReynolds,2024-05-21
https://www.youtube.com/watch?v=olBIhAELd6U&ab_channel=DepieloF1,2024-05-21
https://www.youtube.com/watch?v=vBWkm-Zjk_Y&ab_channel=leanatmii,2024-05-23
https://www.youtube.com/watch?v=oT8lDp1HDe4&ab_channel=leanatmii,2024-05-23
https://www.youtube.com/watch?v=k1GNRJn6AY4&ab_channel=leanatmii,2024-05-23
https://www.youtube.com/watch?v=zqzp_kx1YKo&ab_channel=leanatmii,2024-05-23
https://www.youtube.com/watch?v=kgSGfMLkshA&ab_channel=leanatmii,2024-05-23
https://www.youtube.com/watch?v=61lVb4lyQCQ&ab_channel=leanatmii,2024-05-23
https://www.youtube.com/watch?v=Gj9iFZD-1hs&ab_channel=leanatmii,2024-05-23
https://www.youtube.com/watch?v=URyOS3MMNy0&ab_channel=MichouOff,2024-05-23
https://www.youtube.com/watch?v=_4o_Q_ThDhg&ab_channel=CYRILmp4,2024-05-23
https://www.youtube.com/watch?v=JK5jORRrWi4&ab_channel=Casquey,2024-05-23
https://www.youtube.com/watch?v=IMp4cMhqk7M&ab_channel=Casquey,2024-05-23
https://www.youtube.com/watch?v=6uT8wGtB3yQ&ab_channel=BandaiNamcoEurope,2024-05-23
https://www.youtube.com/watch?v=-G4G1QepA6k&ab_channel=RMCSportCombat,2024-05-23
https://www.youtube.com/watch?v=AyzrXBaB-qo&ab_channel=HotGirlsOnlyPodcast,2024-05-23
https://www.youtube.com/watch?v=v95uxbRjUFM&ab_channel=After-Foot,2024-05-23
https://www.youtube.com/watch?v=PkSi8kh7Ob0&ab_channel=foufa2.0,2024-05-23
https://www.youtube.com/watch?v=3Nmp3dO_jk8&ab_channel=MarieLopezVlogs,2024-05-23
https://www.youtube.com/watch?v=F2yrTO2QWsU&ab_channel=Ninjaxx,2024-05-23
https://www.youtube.com/watch?v=hBgxUnBMuZw&ab_channel=ligue2fr,2024-05-23
https://www.youtube.com/watch?v=oUC9H73wkCo&ab_channel=AutomobilePropre,2024-05-23
https://www.youtube.com/watch?v=a3XYV8nLe9k&ab_channel=RG28,2024-05-23
https://www.youtube.com/watch?v=I2pKhTet6v0&ab_channel=AleksEtLeonard,2024-05-23
https://www.youtube.com/watch?v=GlaJBv5myko&ab_channel=superkevintran,2024-05-26
https://www.youtube.com/watch?v=iRtDPI2VL7o&ab_channel=TsetchoevIbraTV,2024-05-26
https://www.youtube.com/watch?v=E84VAHKMV4Q&ab_channel=ftvsport,2024-05-26
https://www.youtube.com/watch?v=bB-qOwMf-4k&ab_channel=ftvsport,2024-05-26
https://www.youtube.com/watch?v=O6sHGS2CR2Q&ab_channel=remontada_yt,2024-05-26
https://www.youtube.com/watch?v=cFE0MMZwIzg&ab_channel=Louis-San,2024-05-26
https://www.youtube.com/watch?v=VehdMkq0vik&ab_channel=FFF,2024-05-26
https://www.youtube.com/watch?v=hXU3L3NxV_o&ab_channel=LeBouseuh,2024-05-26
https://www.youtube.com/watch?v=25N0R1KnXVs&ab_channel=MarkRober,2024-05-26
https://www.youtube.com/watch?v=S5pWwHQxhDA&ab_channel=AdemBilal,2024-05-26
https://www.youtube.com/watch?v=TtHxQMcRcpg&ab_channel=HenryTran,2024-05-26
https://www.youtube.com/watch?v=Lf9DUI-rFPk&ab_channel=Karmine_Corp,2024-05-26
https://www.youtube.com/watch?v=5dv0qEHYvPM&ab_channel=JamyEpicurieux,2024-05-26
https://www.youtube.com/watch?v=ERRbovFJNA4&ab_channel=DAZNWomensFootball,2024-05-26
https://www.youtube.com/watch?v=aeKbfHOd9lg&ab_channel=/Farinedebl%C3%A9,2024-05-26
https://www.youtube.com/watch?v=SPja6SifYT8&ab_channel=MathSeFaitDesFilms,2024-05-26
https://www.youtube.com/watch?v=QhVhbtxlSiY&ab_channel=lemondefr,2024-05-26
https://www.youtube.com/watch?v=sqHv9lsn0gw&ab_channel=GermanFootball,2024-05-26
https://www.youtube.com/watch?v=QJnq4x9Sz54&ab_channel=ChronikFiction,2024-05-26
https://www.youtube.com/watch?v=PDeDl_hy09k&ab_channel=laurettemamanyoutube,2024-05-26
https://www.youtube.com/watch?v=ozCCfsEYcAQ&ab_channel=Louis_,2024-05-26
https://www.youtube.com/watch?v=eVI86TeUm0U&ab_channel=LivMoietco,2024-05-26
https://www.youtube.com/watch?v=_N7Xg1EkKt4&ab_channel=FortniteFR,2024-05-26
https://www.youtube.com/watch?v=vJDYhgtf6WI&ab_channel=Souenito,2024-05-26
https://www.youtube.com/watch?v=6kT9DokKEqg&ab_channel=Pierre_Chabrier,2024-05-26
https://www.youtube.com/watch?v=XLZOKKM7dpk&ab_channel=SMTOWN,2024-05-26
https://www.youtube.com/watch?v=PGwPoneyhbM&ab_channel=IciJapon,2024-05-26
https://www.youtube.com/watch?v=VGkulTEPo-E&ab_channel=superkevintranlempereur,2024-05-26
https://www.youtube.com/watch?v=xxHFnk34wrg&ab_channel=Teeqzy,2024-05-26
https://www.youtube.com/watch?v=0tGR0B1lq-U&ab_channel=lucas_studio,2024-05-26
https://www.youtube.com/watch?v=k7FvujI9clY&ab_channel=Bronol,2024-05-26
https://www.youtube.com/watch?v=YSs2zA5-W5w&ab_channel=VodKprod,2024-05-26
https://www.youtube.com/watch?v=7scRUIdfKlY&ab_channel=NicoMathieux,2024-05-26
https://www.youtube.com/watch?v=c7MmVIjF9w4&ab_channel=leagueoflegends,2024-05-26
https://www.youtube.com/watch?v=i4zcFoMQVz8&ab_channel=MangemortSquad,2024-05-26
https://www.youtube.com/watch?v=XuBm4i26EVw&ab_channel=/RTBFiXP%C3%A9,2024-05-26
https://www.youtube.com/watch?v=eGM7d7BjlNM&ab_channel=StormettexGold,2024-05-26
https://www.youtube.com/watch?v=snqAsG6Vik0&ab_channel=BentalhaMalik,2024-05-26
https://www.youtube.com/watch?v=T5-YMslEmxw&ab_channel=GenshinImpact,2024-05-26
https://www.youtube.com/watch?v=GLvIN9vDevI&ab_channel=TheoBabac,2024-05-26
https://www.youtube.com/watch?v=dw69mKBb9ks&ab_channel=france3paca,2024-05-26
https://www.youtube.com/watch?v=1PUNS2NkMKA&ab_channel=MontreuxComedy,2024-05-26
https://www.youtube.com/watch?v=foZJrtErAak&ab_channel=Sylvqin,2024-05-26
https://www.youtube.com/watch?v=IwY50OQk6K4&ab_channel=/Th%C3%A9orus,2024-05-26
https://www.youtube.com/watch?v=61WgPJ5ee44&ab_channel=luluroncedenoyer3468,2024-05-26
https://www.youtube.com/watch?v=p6ZOQ5rvYmI&ab_channel=Retake,2024-05-26
https://www.youtube.com/watch?v=jQKtBSeBvVc&ab_channel=Louise.Aubery,2024-05-26
https://www.youtube.com/watch?v=5RrfXhjwRaE&ab_channel=ErwanetJana,2024-05-27
https://www.youtube.com/watch?v=rLfk3bGeqf0&ab_channel=ErwanetJana,2024-05-27
https://www.youtube.com/watch?v=GZWEWGiY7cs&ab_channel=ErwanetJana,2024-05-27
https://www.youtube.com/watch?v=BQW6O82XtpQ&ab_channel=ErwanetJana,2024-05-27
https://www.youtube.com/watch?v=mKRKZNCLtbY&ab_channel=ErwanetJana,2024-05-27
https://www.youtube.com/watch?v=zgei22mooyg&ab_channel=ErwanetJana,2024-05-27
https://www.youtube.com/watch?v=OIGmi3NmwlM&ab_channel=ErwanetJana,2024-05-27
https://www.youtube.com/watch?v=pH5ekQ5VmlY&ab_channel=ErwanetJana,2024-05-27
https://www.youtube.com/watch?v=9J1iPw_N1Vo&ab_channel=Joyca,2024-05-27
https://www.youtube.com/watch?v=VVKcjZbMaL4&ab_channel=SheraKerienski,2024-05-27
https://www.youtube.com/watch?v=lyEqLPHw-Dc&ab_channel=SheraKerienski,2024-05-27
https://www.youtube.com/watch?v=aeCI0ObFY8M&ab_channel=Formula1,2024-05-27
https://www.youtube.com/watch?v=IUIO7YFvZek&ab_channel=LeFatShow,2024-05-28
https://www.youtube.com/watch?v=f2S8sBY0Tmw&ab_channel=ftvsport,2024-05-28
https://www.youtube.com/watch?v=jGbmWjjKKkE&ab_channel=ftvsport,2024-05-28
https://www.youtube.com/watch?v=p61CmYO7w2s&ab_channel=lemondealenversvideo,2024-05-28
https://www.youtube.com/watch?v=nFYwcndNuOY&ab_channel=SMTOWN,2024-05-28
https://www.youtube.com/watch?v=V52QB7TIv9Q&ab_channel=Epenser1,2024-05-28
https://www.youtube.com/watch?v=b0NU1HyWBFA&ab_channel=QuotidienTMC,2024-05-28
https://www.youtube.com/watch?v=LQZ197CCRO0&ab_channel=LeVraiBouseuh,2024-05-28
https://www.youtube.com/watch?v=Wfr_fD49YU0&ab_channel=DepieloF1,2024-05-28
https://www.youtube.com/watch?v=VBWPMC58qzw&ab_channel=KQENT,2024-05-28
https://www.youtube.com/watch?v=hBbr7yw340o&ab_channel=PrimeVideoSportFR,2024-05-28
https://www.youtube.com/watch?v=gM4cUxdi6ZU&ab_channel=FFF,2024-05-30
https://www.youtube.com/watch?v=0J4DuFm33W8&ab_channel=Booska_P,2024-05-30
https://www.youtube.com/watch?v=aB0It2lFzVQ&ab_channel=Booska_P,2024-05-30
https://www.youtube.com/watch?v=Snt6PdJDaJw&ab_channel=disneyfr,2024-05-30
https://www.youtube.com/watch?v=WUfnVYhyQf8&ab_channel=contefecond6003,2024-05-30
https://www.youtube.com/watch?v=QU1oAMQ8CQU&ab_channel=Ne0xi,2024-05-30
https://www.youtube.com/watch?v=EDXKAJ_kuVk&ab_channel=LeoSucculent,2024-05-30
https://www.youtube.com/watch?v=V08UPqchVgQ&ab_channel=CallofDuty,2024-05-30
https://www.youtube.com/watch?v=qkgkUCqEum4&ab_channel=disneyanimation,2024-05-30
https://www.youtube.com/watch?v=FJKT2_LqtfQ&ab_channel=KQENT,2024-05-30
https://www.youtube.com/watch?v=TNoDO7x9qdM&ab_channel=proweldexhaust,2024-05-30
https://www.youtube.com/watch?v=Z5rmDGm2OA0&ab_channel=CarJager,2024-05-30
https://www.youtube.com/watch?v=ZGZgrlVDhMM&ab_channel=SkinSpotlights,2024-05-30
https://www.youtube.com/watch?v=dZrxWFrd1zQ&ab_channel=destinythegame,2024-05-30
https://www.youtube.com/watch?v=hRM0yZvVn2E&ab_channel=leagueoflegends,2024-05-30
https://www.youtube.com/watch?v=pIgH6G9OTsY&ab_channel=RG28,2024-05-30
https://www.youtube.com/watch?v=xUVpJ0pRhgw&ab_channel=ggmilgram,2024-05-30
https://www.youtube.com/watch?v=BYZwWe_EtWs&ab_channel=StudioDanielle,2024-05-30
https://www.youtube.com/watch?v=HqSyFl4Kg5I&ab_channel=silentjill,2024-05-30
https://www.youtube.com/watch?v=XLQ1rvp1LHo&ab_channel=MarieLopezVlogs,2024-05-30
https://www.youtube.com/watch?v=V4iMmBspG0w&ab_channel=BuissonnetsOfficiel,2024-05-31
https://www.youtube.com/watch?v=5sDwAhG0B-k&ab_channel=BuissonnetsOfficiel,2024-05-31
https://www.youtube.com/watch?v=U8VtTk1_WYc&ab_channel=BuissonnetsOfficiel,2024-05-31
https://www.youtube.com/watch?v=lASvh2Fqf2I&ab_channel=BuissonnetsOfficiel,2024-05-31
https://www.youtube.com/watch?v=zTdwpGaHlWI&ab_channel=BuissonnetsOfficiel,2024-05-31
https://www.youtube.com/watch?v=_LKa8oE-rdA&ab_channel=BuissonnetsOfficiel,2024-05-31
https://www.youtube.com/watch?v=48btwXg7q4I&ab_channel=BuissonnetsOfficiel,2024-05-31
https://www.youtube.com/watch?v=c6jbj263h_Q&ab_channel=BuissonnetsOfficiel,2024-05-31
https://www.youtube.com/watch?v=aEdWKG2h-wo&ab_channel=BuissonnetsOfficiel,2024-05-31
https://www.youtube.com/watch?v=heQ3BPq3958&ab_channel=BuissonnetsOfficiel,2024-05-31
https://www.youtube.com/watch?v=X3u53WQNh5U&ab_channel=BuissonnetsOfficiel,2024-05-31
https://www.youtube.com/watch?v=YtZKIO9BEfk&ab_channel=BuissonnetsOfficiel,2024-05-31
https://www.youtube.com/watch?v=Bu0Y2x6kTI4&ab_channel=BuissonnetsOfficiel,2024-05-31
https://www.youtube.com/watch?v=3IIENfFuzVY&ab_channel=SylvainLyve,2024-05-31
https://www.youtube.com/watch?v=71ZIPR4xTO8&ab_channel=SylvainLyve,2024-05-31
https://www.youtube.com/watch?v=VGnOpZhsPk4&ab_channel=KQENT,2024-05-31
https://www.youtube.com/watch?v=m-4ZM3jxhdE&ab_channel=PlayStation,2024-05-31
https://www.youtube.com/watch?v=NPFPHYaComA&ab_channel=MarineLB,2024-05-31
https://www.youtube.com/watch?v=R1hiRWjRJVk&ab_channel=BrawlStars,2024-05-31
https://www.youtube.com/watch?v=OYXsBQXGSHQ&ab_channel=PierreCroceVolume2,2024-05-31
https://www.youtube.com/watch?v=RAjL2TZmJHU&ab_channel=SmellsLikeGASOLINE,2024-05-31
https://www.youtube.com/watch?v=3dwIrcZ8xwg&ab_channel=SqueezieGaming,2024-05-31
https://www.youtube.com/watch?v=T4XjSUuQhWg&ab_channel=FuzayAuCarre,2024-05-31
https://www.youtube.com/watch?v=jE_zJitVMnQ&ab_channel=restonsprudents,2024-05-31
https://www.youtube.com/watch?v=BqQynl5e7qg&ab_channel=marcelarium,2024-05-31
https://www.youtube.com/watch?v=byaAeSf9hOc&ab_channel=RMCSport,2024-06-02
https://www.youtube.com/watch?v=wHgW1jU3YZc&ab_channel=Squeezie,2024-06-02
https://www.youtube.com/watch?v=g1zs7HSoURg&ab_channel=RMCSport,2024-06-02
https://www.youtube.com/watch?v=F4_um6xbX4o&ab_channel=RMCSport,2024-06-02
https://www.youtube.com/watch?v=U_LlX4t0A9I&ab_channel=MrBeast,2024-06-02
https://www.youtube.com/watch?v=kByf53OLpRc&ab_channel=CanalplusSport,2024-06-02
https://www.youtube.com/watch?v=_VaFTTU2IPo&ab_channel=BazarduGrenier,2024-06-02
https://www.youtube.com/watch?v=l6KyBusa5Wo&ab_channel=DAZNBoxing,2024-06-02
https://www.youtube.com/watch?v=RiKFSNk-Veg&ab_channel=Kombo000,2024-06-02
https://www.youtube.com/watch?v=DyuaqW5UMAs&ab_channel=PrimeVideoSportFR,2024-06-02
https://www.youtube.com/watch?v=_Crwo5_oP7k&ab_channel=toinelag,2024-06-02
https://www.youtube.com/watch?v=oyHPAD-zuj4&ab_channel=ftvsport,2024-06-02
https://www.youtube.com/watch?v=NEbswBsbPz8&ab_channel=CharlesMelanie,2024-06-02
https://www.youtube.com/watch?v=kQsxAPnPYmA&ab_channel=/PassionR%C3%A9novation,2024-06-02
https://www.youtube.com/watch?v=ay-BfKr9ubo&ab_channel=TevLouis,2024-06-02
https://www.youtube.com/watch?v=9aFrhjltxuo&ab_channel=MissouMakeup,2024-06-02
https://www.youtube.com/watch?v=oDLUAXlWp5U&ab_channel=HugoDelire36,2024-06-02
https://www.youtube.com/watch?v=-SQxyHru2K4&ab_channel=le.producteur,2024-06-02
https://www.youtube.com/watch?v=PDQHFHD-k4s&ab_channel=ClashOfClans,2024-06-02
https://www.youtube.com/watch?v=9LTWHsfhM90&ab_channel=/T%C3%A9l%C3%A9foot,2024-06-02
https://www.youtube.com/watch?v=3utloBVSYV0&ab_channel=LImmigreparisien,2024-06-02
https://www.youtube.com/watch?v=lrxrIkNkHVA&ab_channel=Aline_dessine,2024-06-02
https://www.youtube.com/watch?v=v061m2oo5HI&ab_channel=FastGoodCuisine,2024-06-02
https://www.youtube.com/watch?v=Jtmo3T98eQw&ab_channel=Fouloscopie,2024-06-02
https://www.youtube.com/watch?v=4yvZ8qUOLMg&ab_channel=FromHumanToGod,2024-06-02
https://www.youtube.com/watch?v=gDN5qnx7Mbo&ab_channel=FFTennis,2024-06-02
https://www.youtube.com/watch?v=vs9fWY1NWiI&ab_channel=skyrockfm,2024-06-02
https://www.youtube.com/watch?v=sNjfz8e4E40&ab_channel=LeFatShow,2024-06-02
https://www.youtube.com/watch?v=0PdtS98IlcM&ab_channel=FirstWeFeast,2024-06-02
https://www.youtube.com/watch?v=URG75CDX_rg&ab_channel=PlayStation,2024-06-02
https://www.youtube.com/watch?v=84p4Lvyfyes&ab_channel=BandaiNamcoAmerica,2024-06-02
https://www.youtube.com/watch?v=uX0FKFskNno&ab_channel=AminematueClips0,2024-06-03
https://www.youtube.com/watch?v=MKBod5cslFo&ab_channel=Squeezie,2024-06-03
https://www.youtube.com/watch?v=xcW7q6U_kyE&ab_channel=Amixem,2024-06-03
https://www.youtube.com/watch?v=3Gu0YICW2WQ&ab_channel=oceaneplus,2024-06-03
https://www.youtube.com/watch?v=vs6mrnizNyE&ab_channel=/PiedsCarr%C3%A9s,2024-06-03
https://www.youtube.com/watch?v=bIQqMjWZKec&ab_channel=FuzePlays,2024-06-03
https://www.youtube.com/watch?v=ui5qhU0_nYo&ab_channel=gaellegarciadiaz1,2024-06-03
https://www.youtube.com/watch?v=fCVUaEOk11w&ab_channel=SheraKerienski,2024-06-03
https://www.youtube.com/watch?v=VOpEjZJZT08&ab_channel=marca2c,2024-06-03
https://www.youtube.com/watch?v=sPDxTDZV8Vc&ab_channel=asse,2024-06-03
https://www.youtube.com/watch?v=MGTug8YKU_4&ab_channel=Canalplus,2024-06-03
https://www.youtube.com/watch?v=K25caDfpHgw&ab_channel=beINSPORTSFrance,2024-06-03
https://www.youtube.com/watch?v=WpFuv7Q0VBo&ab_channel=BPMEntertainment-official,2024-06-03
https://www.youtube.com/watch?v=xpuDroEWm7g&ab_channel=/T%C3%A9l%C3%A9foot,2024-06-06
https://www.youtube.com/watch?v=_uVeb6_5gF8&ab_channel=Mastu,2024-06-06
https://www.youtube.com/watch?v=7qNod7rpsD8&ab_channel=RebeuDeter2.0,2024-06-06
https://www.youtube.com/watch?v=P72mbEIf0jY&ab_channel=RebeuDeter2.0,2024-06-06
https://www.youtube.com/watch?v=NxieIctZI_8&ab_channel=oceaneplus,2024-06-06
https://www.youtube.com/watch?v=U8YpXBRk75o&ab_channel=StudioDanielle,2024-06-06
https://www.youtube.com/watch?v=kskoW-FrqyE&ab_channel=sciencetrash,2024-06-06
https://www.youtube.com/watch?v=7jtMPiWNHFI&ab_channel=StudioBagel,2024-06-06
https://www.youtube.com/watch?v=XuIb-kGrdqo&ab_channel=DepieloF1,2024-06-06
https://www.youtube.com/watch?v=nCDJo4w-Z8U&ab_channel=CYRILmp4,2024-06-06
https://www.youtube.com/watch?v=kRm2h-Ig9EU&ab_channel=FFF,2024-06-06
https://www.youtube.com/watch?v=fnNru4H8GAk&ab_channel=ChefEtchebest,2024-06-06
https://www.youtube.com/watch?v=qBPpIqr2TOE&ab_channel=SAMFOOTX,2024-06-06
https://www.youtube.com/watch?v=S0h9vjjZ3Hw&ab_channel=mcflyetcarlitolachaineseco5857,2024-06-06
https://www.youtube.com/watch?v=sxYG2eCUdpo&ab_channel=stelle.,2024-06-06
https://www.youtube.com/watch?v=QRQ3FukhM-0&ab_channel=LeRoutin,2024-06-06
https://www.youtube.com/watch?v=HKu5nGfh7rM&ab_channel=HotGirlsOnlyPodcast,2024-06-06
https://www.youtube.com/watch?v=PhViXuusqLk&ab_channel=MontreuxComedy,2024-06-06
https://www.youtube.com/watch?v=RX4Bc_WqAPw&ab_channel=charles_leclerc,2024-06-06
https://www.youtube.com/watch?v=C8SNfHCh8BM&ab_channel=Ne0xi,2024-06-06
https://www.youtube.com/watch?v=sjOeRpieM70&ab_channel=DjaysonTV,2024-06-06
https://www.youtube.com/watch?v=yAzoD_xkZ74&ab_channel=zetfartv,2024-06-06
https://www.youtube.com/watch?v=xmZ_fzKLRnw&ab_channel=FilmsActu,2024-06-06
https://www.youtube.com/watch?v=yE49wH5RdLs&ab_channel=polyheart101,2024-06-06
https://www.youtube.com/watch?v=oOEfghmh00A&ab_channel=paolalcct,2024-06-06
https://www.youtube.com/watch?v=OzY2r2JXsDM&ab_channel=20thCenturyStudios,2024-06-06
https://www.youtube.com/watch?v=pCtxsu8Vi-A&ab_channel=FFF,2024-06-06
https://www.youtube.com/watch?v=itS_JU2cRt0&ab_channel=ExServ85,2024-06-06
https://www.youtube.com/watch?v=4JwF2Zz9Q3k&ab_channel=HPHogwartsMystery,2024-06-06
https://www.youtube.com/watch?v=F26ek4b9wFQ&ab_channel=leonardberducat,2024-06-06
https://www.youtube.com/watch?v=7kcGKWM2O0g&ab_channel=/HugoD%C3%A9crypte,2024-06-06
https://www.youtube.com/watch?v=CCgmK28jwKo&ab_channel=FilmsActu,2024-06-06
https://www.youtube.com/watch?v=VspVhpmj8dM&ab_channel=FFF,2024-06-06
https://www.youtube.com/watch?v=n_nn32IPgFA&ab_channel=LeGrandCactusRTBF,2024-06-06
https://www.youtube.com/watch?v=c3o4I0Joo64&ab_channel=laurettemamanyoutube,2024-06-06
https://www.youtube.com/watch?v=hYP2b0DdfbI&ab_channel=AnthonyLastella,2024-06-06
https://www.youtube.com/watch?v=D_4d63xWmXQ&ab_channel=IDREAU,2024-06-06
https://www.youtube.com/watch?v=gBwRga4b1Os&ab_channel=Netflix,2024-06-06
https://www.youtube.com/watch?v=-g1lWXGGboc&ab_channel=eprofs,2024-06-06
https://www.youtube.com/watch?v=ITeChD670b4&ab_channel=Squeezie,2024-06-09
https://www.youtube.com/watch?v=STxD37hvBy4&ab_channel=RMCSport,2024-06-09
https://www.youtube.com/watch?v=U4jXSFGfl14&ab_channel=Foxsoccer,2024-06-09
https://www.youtube.com/watch?v=d89n5rTI-q4&ab_channel=Foxsoccer,2024-06-09
https://www.youtube.com/watch?v=aBFa_7kn6C8&ab_channel=/PiedsCarr%C3%A9s,2024-06-09
https://www.youtube.com/watch?v=aeONjE6T08A&ab_channel=ChocolatAndVanillah2,2024-06-09
https://www.youtube.com/watch?v=sPD14yRoB5E&ab_channel=julsaintjean,2024-06-09
https://www.youtube.com/watch?v=OtuyLWn5gCI&ab_channel=valorant,2024-06-09
https://www.youtube.com/watch?v=VvTBoF6eogQ&ab_channel=Sheshounet,2024-06-09
https://www.youtube.com/watch?v=mWigLm0Sp7k&ab_channel=TsetchoevIbraTV,2024-06-09
https://www.youtube.com/watch?v=fZjCPF0ij8o&ab_channel=hardisk,2024-06-09
https://www.youtube.com/watch?v=ftm02JB3234&ab_channel=Stervio,2024-06-09
https://www.youtube.com/watch?v=uthDecNE9gw&ab_channel=MathSeFaitDesFilms,2024-06-09
https://www.youtube.com/watch?v=jza8305d3JM&ab_channel=FlorianOnAir,2024-06-09
https://www.youtube.com/watch?v=ZUZjKfQtznk&ab_channel=Louis_,2024-06-09
https://www.youtube.com/watch?v=pygcgE3a_uY&ab_channel=civilization,2024-06-09
https://www.youtube.com/watch?v=PCA07mgSo8g&ab_channel=AdemBilal,2024-06-09
https://www.youtube.com/watch?v=N8Zm___c4B8&ab_channel=BandaiNamcoAmerica,2024-06-09
https://www.youtube.com/watch?v=umhuJLfWLPQ&ab_channel=Booska_P,2024-06-09
https://www.youtube.com/watch?v=n-_i65LPnhk&ab_channel=FFF,2024-06-09
https://www.youtube.com/watch?v=34ulIEbOi0w&ab_channel=StarFreestyle,2024-06-09
https://www.youtube.com/watch?v=G_LtO6Mekjk&ab_channel=monsterhunter,2024-06-09
https://www.youtube.com/watch?v=nsnHFTXC3AE&ab_channel=SirGibsy,2024-06-09
https://www.youtube.com/watch?v=8vzY3MTpX-Q&ab_channel=FastGoodCuisine,2024-06-09
https://www.youtube.com/watch?v=lwvmojLIfP8&ab_channel=RebeuDeter,2024-06-09
https://www.youtube.com/watch?v=9yq6GMEea7w&ab_channel=cedricdoumbeoff,2024-06-09
https://www.youtube.com/watch?v=YpiR-FoZ9Hw&ab_channel=RG28,2024-06-09
https://www.youtube.com/watch?v=2RmH0ppkuzA&ab_channel=fallontonight,2024-06-09
https://www.youtube.com/watch?v=7e4SqIS0HxQ&ab_channel=StormettexGold,2024-06-09
https://www.youtube.com/watch?v=mH4UsdFfXdA&ab_channel=lasabz_,2024-06-09
https://www.youtube.com/watch?v=yKXEmxK9kys&ab_channel=bedeivan,2024-06-09
https://www.youtube.com/watch?v=I6tA_o8uzUI&ab_channel=Ubisoft,2024-06-09
https://www.youtube.com/watch?v=6E36fOpk-Yg&ab_channel=SonictheHedgehog,2024-06-09
https://www.youtube.com/watch?v=YpARbGsES8g&ab_channel=Karmine_Corp,2024-06-09
https://www.youtube.com/watch?v=GVPqv7ZyfWo&ab_channel=streetfighter,2024-06-09
https://www.youtube.com/watch?v=da1i91eLvZM&ab_channel=MRStephane-ks1ss,2024-06-10
https://www.youtube.com/watch?v=92qCjNZt-8Y&ab_channel=MRStephane-ks1ss,2024-06-10
https://www.youtube.com/watch?v=R1XbPXwbzzE&ab_channel=MRStephane-ks1ss,2024-06-10
https://www.youtube.com/watch?v=vay9rrPZr7s&ab_channel=MRStephane-ks1ss,2024-06-10
https://www.youtube.com/watch?v=--_9v8Q4Iss&ab_channel=MRStephane-ks1ss,2024-06-10
https://www.youtube.com/watch?v=MW3SzD4RDpw&ab_channel=MRStephane-ks1ss,2024-06-10
https://www.youtube.com/watch?v=QnfhoW4cz3A&ab_channel=MRStephane-ks1ss,2024-06-10
https://www.youtube.com/watch?v=ETQNoY5S-9o&ab_channel=/HugoD%C3%A9crypte,2024-06-10
https://www.youtube.com/watch?v=d6rHNoptVuA&ab_channel=Feldup,2024-06-10
https://www.youtube.com/watch?v=75tgEpgA1n0&ab_channel=Michou,2024-06-10
https://www.youtube.com/watch?v=UOEm9sPsGBk&ab_channel=Michou,2024-06-10
https://www.youtube.com/watch?v=4S-sB_uywHc&ab_channel=FRSkyRRoZ,2024-06-10
https://www.youtube.com/watch?v=bqW09DKyzVw&ab_channel=FRANCE24,2024-06-10
https://www.youtube.com/watch?v=hrKNwT_mjCw&ab_channel=CallofDutyFR,2024-06-10
https://www.youtube.com/watch?v=x0HFA1EfAow&ab_channel=publicsenat,2024-06-10
https://www.youtube.com/watch?v=Tzt56hgXuxg&ab_channel=thierryvigneauboiserie,2024-06-10
https://www.youtube.com/watch?v=XbYa5u2psOU&ab_channel=LeSonDansLesDoigts,2024-06-12
https://www.youtube.com/watch?v=z-VF1SOqA3s&ab_channel=LeSonDansLesDoigts,2024-06-12
https://www.youtube.com/watch?v=qu-K13gh7lQ&ab_channel=LeSonDansLesDoigts,2024-06-12
https://www.youtube.com/watch?v=tf-RvpyqEf8&ab_channel=/Zen%C3%A9mission,2024-06-12
https://www.youtube.com/watch?v=--dNKTTCMy4&ab_channel=lequipe,2024-06-12
https://www.youtube.com/watch?v=nSaKfTyj6V0&ab_channel=NouvelObs,2024-06-12
https://www.youtube.com/watch?v=J-4bJVo4JCE&ab_channel=NouvelObs,2024-06-12
https://www.youtube.com/watch?v=g-6g2uEjF1s&ab_channel=leagueoflegends,2024-06-12
https://www.youtube.com/watch?v=fYSlmKRlbYc&ab_channel=cinematrash,2024-06-12
https://www.youtube.com/watch?v=VEmiuN6hcjw&ab_channel=/HugoD%C3%A9crypte,2024-06-12
https://www.youtube.com/watch?v=PzcCTtPanYQ&ab_channel=kindasamax22,2024-06-12
https://www.youtube.com/watch?v=m4H533R5Iw0&ab_channel=LaupokLaupocute,2024-06-12
https://www.youtube.com/watch?v=CTNwHShylIg&ab_channel=dragonage,2024-06-12
https://www.youtube.com/watch?v=2_dq9Lf7iFA&ab_channel=pierrecroce,2024-06-12
https://www.youtube.com/watch?v=u5h4fv-0oiA&ab_channel=BrawlStars,2024-06-12
https://www.youtube.com/watch?v=2w0ESrad7fc&ab_channel=CamilleLV.,2024-06-12
https://www.youtube.com/watch?v=RXeOiIDNNek&ab_channel=Apple,2024-06-12
https://www.youtube.com/watch?v=AXKG1smiM3M&ab_channel=philippecantenot,2024-06-12
https://www.youtube.com/watch?v=2UGAyIC2Lb8&ab_channel=sirgisby,2024-06-12
https://www.youtube.com/watch?v=dabSPS9Ypdc&ab_channel=STEVENLATHOUD,2024-06-12
https://www.youtube.com/watch?v=Gwx0FYNVO-4&ab_channel=KevkoYt,2024-06-12
https://www.youtube.com/watch?v=TkKpNBs0pow&ab_channel=bound_media,2024-06-12
https://www.youtube.com/watch?v=lfYAjqunPX8&ab_channel=studygram_mthld,2024-06-12
https://www.youtube.com/watch?v=R1-Zz0tHj0o&ab_channel=julsaintjean,2024-06-12
https://www.youtube.com/watch?v=xtVjKH4za8E&ab_channel=amixemreactions5335,2024-06-12
https://www.youtube.com/watch?v=hziTy4DSRUE&ab_channel=lucas_studio,2024-06-12
https://www.youtube.com/watch?v=vcw6xpJcOds&ab_channel=LeoSucculent,2024-06-12
https://www.youtube.com/watch?v=E9d6h0dQ4qY&ab_channel=hayday,2024-06-12
https://www.youtube.com/watch?v=oSSEcftwRr0&ab_channel=TheiCollection,2024-06-12
https://www.youtube.com/watch?v=Erly0SFE__Q&ab_channel=TheiCollection,2024-06-12
https://www.youtube.com/watch?v=9xoCn6D-PIw&ab_channel=disneyfr,2024-06-12
https://www.youtube.com/watch?v=wLorXV7GgMY&ab_channel=Nowtech,2024-06-12
https://www.youtube.com/watch?v=CjfHnq3T2YI&ab_channel=jojol,2024-06-12
https://www.youtube.com/watch?v=7M0mu8_4j0A&ab_channel=contefecond6003,2024-06-12
https://www.youtube.com/watch?v=l_O6jP6Lvwk&ab_channel=FromHumanToGod,2024-06-12
https://www.youtube.com/watch?v=H8Aa7-cqkdI&ab_channel=Francoisdamiensoff,2024-06-12
https://www.youtube.com/watch?v=vU1Pz0s8mcc&ab_channel=CodeSupali,2024-06-12
https://www.youtube.com/watch?v=isH6JilT0kg&ab_channel=julsaintjean,2024-06-12
https://www.youtube.com/watch?v=DDXdiCPkJxk&ab_channel=trashbandicoot,2024-06-12
https://www.youtube.com/watch?v=LmPhsbIMYH4&ab_channel=NassimSahili,2024-06-12
https://www.youtube.com/watch?v=Nrn7QRCBJwk&ab_channel=/HugoD%C3%A9crypte,2024-06-12
https://www.youtube.com/watch?v=VbEyUR61V1A&ab_channel=/T%C3%A9l%C3%A9foot,2024-06-12
https://www.youtube.com/watch?v=anRAlKLCkFY&ab_channel=BrandonLeProktor,2024-06-12
https://www.youtube.com/watch?v=Uaj71EhsecA&ab_channel=RAPLUME,2024-06-12
https://www.youtube.com/watch?v=rjYVdrAWU-I&ab_channel=/%C3%87acommenceaujourdhui,2024-06-12
https://www.youtube.com/watch?v=LtIWE4CCX5M&ab_channel=Apple,2024-06-12
https://www.youtube.com/watch?v=qsBBZRNoP8s&ab_channel=HonkaiStarRail,2024-06-12
https://www.youtube.com/watch?v=Q_EYoV1kZWk&ab_channel=Apple,2024-06-12
https://www.youtube.com/watch?v=CRWQWqRVv_A&ab_channel=Ludoc,2024-06-12
https://www.youtube.com/watch?v=MAkzYlnhgwY&ab_channel=antoinefournet,2024-06-14
https://www.youtube.com/watch?v=nhj3N1hv_K4&ab_channel=antoinefournet,2024-06-14
https://www.youtube.com/watch?v=BQdmOc-LzMk&ab_channel=antoinefournet,2024-06-14
https://www.youtube.com/watch?v=q6UwTWxiE1k&ab_channel=antoinefournet,2024-06-14
https://www.youtube.com/watch?v=IqBi0Hk-x58&ab_channel=antoinefournet,2024-06-14
https://www.youtube.com/watch?v=ekPHCLe1ums&ab_channel=antoinefournet,2024-06-14
https://www.youtube.com/watch?v=UBF7w3l2mnw&ab_channel=antoinefournet,2024-06-14
https://www.youtube.com/watch?v=_VnqcBnWM0k&ab_channel=ClashRoyale,2024-06-14
https://www.youtube.com/watch?v=nSaKfTyj6V0&ab_channel=Oceane,2024-06-14
https://www.youtube.com/watch?v=UPXBC5QewGA&ab_channel=Oceane,2024-06-14
https://www.youtube.com/watch?v=imTJ8WqpXnU&ab_channel=konbini,2024-06-14
https://www.youtube.com/watch?v=o6HVCPwmk3o&ab_channel=QuotidienTMC,2024-06-14
https://www.youtube.com/watch?v=ffRksTrBLYo&ab_channel=SmellsLikeGASOLINE,2024-06-14
https://www.youtube.com/watch?v=FW25Vmgf8CE&ab_channel=FabienOlicard,2024-06-14
https://www.youtube.com/watch?v=oc6G_akIlwQ&ab_channel=EmmaGraziano,2024-06-14
https://www.youtube.com/watch?v=qBRRwPj8pcA&ab_channel=alkoryt,2024-06-14
https://www.youtube.com/watch?v=0sVVPy8t3JI&ab_channel=LeFatShow,2024-06-14
https://www.youtube.com/watch?v=3v6B3yY7R2o&ab_channel=FFF,2024-06-14
https://www.youtube.com/watch?v=QY-0hDpRFwI&ab_channel=/HugoD%C3%A9crypte,2024-06-14
https://www.youtube.com/watch?v=AsVr6ieFY7c&ab_channel=loris.giuliano,2024-06-14
https://www.youtube.com/watch?v=7Jy8n6ban5A&ab_channel=lamano1.9-officiel,2024-06-14
https://www.youtube.com/watch?v=8fY2wjKNM9s&ab_channel=lamano1.9-officiel,2024-06-14
https://www.youtube.com/watch?v=oUZttxRcPZw&ab_channel=JYPEntertainment,2024-06-14
https://www.youtube.com/watch?v=gTieUhG3QkA&ab_channel=COLORSxSTUDIOS,2024-06-14
https://www.youtube.com/watch?v=csxuVm8CskM&ab_channel=MarineLB,2024-06-14
https://www.youtube.com/watch?v=fLq8O31k0ys&ab_channel=amistory,2024-06-14
https://www.youtube.com/watch?v=pdiwGOicQVs&ab_channel=HonkaiStarRail,2024-06-14
https://www.youtube.com/watch?v=_mxKcT4hPuE&ab_channel=PierreCroceVolume2,2024-06-14
https://www.youtube.com/watch?v=d_F1tP5qzUQ&ab_channel=AywenVideos,2024-06-14
https://www.youtube.com/watch?v=CvFWcRtOzTE&ab_channel=/HistoireAppliqu%C3%A9e,2024-06-14
https://www.youtube.com/watch?v=NG-5L34HqOs&ab_channel=minecraft,2024-06-14
https://www.youtube.com/watch?v=BDzVLXxNrrk&ab_channel=PopsTrip,2024-06-17
https://www.youtube.com/watch?v=5-hKDrvec8Y&ab_channel=PopsTrip,2024-06-17
https://www.youtube.com/watch?v=OIbm9eYIb1M&ab_channel=PopsTrip,2024-06-17
https://www.youtube.com/watch?v=zE9uXeTWjWs&ab_channel=PopsTrip,2024-06-17
https://www.youtube.com/watch?v=_AA0zqVym_4&ab_channel=PopsTrip,2024-06-17
https://www.youtube.com/watch?v=ZExD3JboP8I&ab_channel=PopsTrip,2024-06-17
https://www.youtube.com/watch?v=EDf_kl00qRM&ab_channel=Joyca,2024-06-17
https://www.youtube.com/watch?v=ymhwrxvpdnQ&ab_channel=LenaSituations,2024-06-17
https://www.youtube.com/watch?v=0XmfonzqBXM&ab_channel=Squeezie,2024-06-17
https://www.youtube.com/watch?v=k-x7rTbrtTk&ab_channel=Squeezie,2024-06-17
https://www.youtube.com/watch?v=gZWJghquRns&ab_channel=Michou,2024-06-17
https://www.youtube.com/watch?v=-eTFrHf6WJs&ab_channel=Mastu,2024-06-17
https://www.youtube.com/watch?v=PWirijQkH4M&ab_channel=MrBeast,2024-06-17
https://www.youtube.com/watch?v=-ltIG-S2rOo&ab_channel=gaellegarciadiaz1,2024-06-17
https://www.youtube.com/watch?v=n4OmVk9MTKY&ab_channel=R4SK4,2024-06-17
https://www.youtube.com/watch?v=FNsKRkfBS5A&ab_channel=mag.abdoul,2024-06-17
https://www.youtube.com/watch?v=I-gua79_nVY&ab_channel=PremierBoxingChampions,2024-06-17
https://www.youtube.com/watch?v=Ak3zZdm4LlU&ab_channel=Djilsi,2024-06-17
https://www.youtube.com/watch?v=cupnargrOcU&ab_channel=remontada_yt,2024-06-17
https://www.youtube.com/watch?v=RE0kNBOJcVQ&ab_channel=Louis-San,2024-06-17
https://www.youtube.com/watch?v=m6pTbEz4w3o&ab_channel=HYBELABELS,2024-06-17
https://www.youtube.com/watch?v=B2A3LjIsqB4&ab_channel=TevLouis,2024-06-17
https://www.youtube.com/watch?v=HBPhlzUSHyY&ab_channel=SquadBusters,2024-06-17
https://www.youtube.com/watch?v=_Igrackgh6M&ab_channel=MichouOff,2024-06-17
https://www.youtube.com/watch?v=mDwDZqJLINA&ab_channel=beINSPORTSFrance,2024-06-17
https://www.youtube.com/watch?v=1YF2KQhkaX8&ab_channel=/PiedsCarr%C3%A9s,2024-06-17
https://www.youtube.com/watch?v=Fh-z_EhbtL4&ab_channel=ClashRoyale,2024-06-17
https://www.youtube.com/watch?v=FCSLqcMyh80&ab_channel=bileloff,2024-06-17
https://www.youtube.com/watch?v=dcDeYtrYaMA&ab_channel=Skinra,2024-06-17
https://www.youtube.com/watch?v=ZCMjNbZr3BI&ab_channel=DrNozman,2024-06-17
https://www.youtube.com/watch?v=_kY_tQ36cgg&ab_channel=beINSPORTSFrance,2024-06-17
https://www.youtube.com/watch?v=eRkRtrh776k&ab_channel=LeFatShow,2024-06-17
https://www.youtube.com/watch?v=9oRDksmH0zM&ab_channel=ScienceEtonnante,2024-06-17
https://www.youtube.com/watch?v=eVIpM4Yn-30&ab_channel=beINSPORTSFrance,2024-06-17
https://www.youtube.com/watch?v=QMdyZo3KxNs&ab_channel=laurettemamanyoutube,2024-06-17
https://www.youtube.com/watch?v=QXxS6q2t4DM&ab_channel=trash,2024-06-17
https://www.youtube.com/watch?v=F3127J3QPgc&ab_channel=byilhan,2024-06-17
https://www.youtube.com/watch?v=oi7tSQVikV8&ab_channel=TheoBabac,2024-06-17
https://www.youtube.com/watch?v=rHhSkdLqKPE&ab_channel=Amixem,2024-06-17
https://www.youtube.com/watch?v=K1nPrwa2-jw&ab_channel=GojiOnePiece,2024-06-17
https://www.youtube.com/watch?v=9alDzunP4k8&ab_channel=24heuresdumans,2024-06-17
https://www.youtube.com/watch?v=QqiPd6U-3mw&ab_channel=beINSPORTSFrance,2024-06-17
https://www.youtube.com/watch?v=PHMgMrQ4VxY&ab_channel=Mcfly et Carlito,2024-06-23
https://www.youtube.com/watch?v=U0Mq3mJdwh4&ab_channel=Brawl Stars,2024-06-23
https://www.youtube.com/watch?v=uVSlbfhTzMg&ab_channel=Hugoposé,2024-06-23
https://www.youtube.com/watch?v=QVGienSpZGg&ab_channel=FORMULA 1,2024-06-23
https://www.youtube.com/watch?v=WeDIdtrp0Ao&ab_channel=Henry Tran,2024-06-23
https://www.youtube.com/watch?v=Ulq7IE6x4b4&ab_channel=Sheshounet,2024-06-23
https://www.youtube.com/watch?v=4fgoaa8s3XQ&ab_channel=Edward,2024-06-23
https://www.youtube.com/watch?v=Ke-n7ZLexkA&ab_channel=KryptooFoot,2024-06-23
https://www.youtube.com/watch?v=5ChCZ8g61TQ&ab_channel=NAZA,2024-06-23
https://www.youtube.com/watch?v=E1wojEWbcNY&ab_channel=Julgane,2024-06-23
https://www.youtube.com/watch?v=6zUYjOm9oLY&ab_channel=MATH,2024-06-23
https://www.youtube.com/watch?v=AZbqHV9HhEA&ab_channel=Edgar-Yves,2024-06-23
https://www.youtube.com/watch?v=kJXCods8q_0&ab_channel=beIN SPORTS France,2024-06-23
https://www.youtube.com/watch?v=yEcxzdugtps&ab_channel=UZI OFFICIEL,2024-06-23
https://www.youtube.com/watch?v=9NuEDZlXu2k&ab_channel=COLAS,2024-06-23
https://www.youtube.com/watch?v=7NXYlG52pGE&ab_channel=Fortnite FR,2024-06-23
https://www.youtube.com/watch?v=O3HtitVWg3E&ab_channel=Hardisk,2024-06-23
https://www.youtube.com/watch?v=2O73SMSPXPo&ab_channel=Squeezie - Rediffusions,2024-06-23
https://www.youtube.com/watch?v=NMtVK9VYsXs&ab_channel=Houari Officiel,2024-06-23
https://www.youtube.com/watch?v=bqRLuV0v0Zs&ab_channel=Mohamed Henni,2024-06-23
https://www.youtube.com/watch?v=VZjNxMKCj9c&ab_channel=Succulent Gaming,2024-06-23
https://www.youtube.com/watch?v=LAE-_2_AWX0&ab_channel=CalemaVEVO,2024-06-23
https://www.youtube.com/watch?v=anabm8G7gg0&ab_channel=Farod,2024-06-23
https://www.youtube.com/watch?v=aoD3GfIO4qg&ab_channel=Dr Nozman,2024-06-23
"https://www.youtube.com/watch?v=aKApS3yKOeM&ab_channel=Molière, Le Spectacle Musical",2024-06-23
https://www.youtube.com/watch?v=4P_k0rqmyX8&ab_channel=T-Series,2024-06-23
https://www.youtube.com/watch?v=HhejdTuI2eo&ab_channel=beIN SPORTS France,2024-06-23
https://www.youtube.com/watch?v=nvPrCiMYnnc&ab_channel=helenabllyVEVO,2024-06-23
https://www.youtube.com/watch?v=jU7sl-PAB98&ab_channel=Whoogy ́s,2024-06-23
https://www.youtube.com/watch?v=CIS3LZHM2NM&ab_channel=helenabllyVEVO,2024-06-23
https://www.youtube.com/watch?v=K9_tkyo4MBI&ab_channel=CANAL+ Sport,2024-06-23
https://www.youtube.com/watch?v=bwlzQ3mYPhs&ab_channel=RMCSport,2024-06-23
https://www.youtube.com/watch?v=J2fnIwMvk5I&ab_channel=JRK 19,2024-06-23
https://www.youtube.com/watch?v=BH0DsbYqW1s&ab_channel=CYRILstudio,2024-06-23
https://www.youtube.com/watch?v=N0xBsWZUaxc&ab_channel=Anas Officiel,2024-06-23
https://www.youtube.com/watch?v=3FFRgLtFAoI&ab_channel=beIN SPORTS France,2024-06-23
https://www.youtube.com/watch?v=c0tOiJ7mWmw&ab_channel=Joseph Garbaccio,2024-06-23
https://www.youtube.com/watch?v=BxFYk5RpT9g&ab_channel=Djadja & Dinaz,2024-06-23
https://www.youtube.com/watch?v=mix9YfaaNa0&ab_channel=twenty one pilots,2024-06-23
https://www.youtube.com/watch?v=ETX7eodmvyg&ab_channel=Mylène Farmer,2024-06-23
https://www.youtube.com/watch?v=MgsdDfdGdHc&ab_channel=KarolGVEVO,2024-06-23
https://www.youtube.com/watch?v=6aPDM46EZ-Q&ab_channel=Thoomas,2024-06-23
https://www.youtube.com/watch?v=QHb0PwCQPxg&ab_channel=ASAKE,2024-06-23
https://www.youtube.com/watch?v=WqSgRlM-0sc&ab_channel=Stormette,2024-06-23
https://www.youtube.com/watch?v=j69AZ7mfPlU&ab_channel=ArianaGrandeVevo,2024-06-23
https://www.youtube.com/watch?v=7DUa0guMQiI&ab_channel=Fred Van Long,2024-06-23
https://www.youtube.com/watch?v=ENms-OD0cvM&ab_channel=CSTAR,2024-06-23
https://www.youtube.com/watch?v=24udEh9ezvk&ab_channel=G Milgram,2024-06-23
https://www.youtube.com/watch?v=UIO0HTtSIEw&ab_channel=Julien Dashow (Dachaud),2024-06-23
https://www.youtube.com/watch?v=qKkd9O7u2EQ&ab_channel=JOYCA,2024-06-25
https://www.youtube.com/watch?v=nYjlAWDPS7U&ab_channel=Studio Bagel,2024-06-25
https://www.youtube.com/watch?v=JW8MRI3iNJE&ab_channel=LE GRAND JD,2024-06-25
https://www.youtube.com/watch?v=iHLr-bIxUCs&ab_channel=Slimane,2024-06-25
https://www.youtube.com/watch?v=wMKugMT-KmY&ab_channel=Manga Trash,2024-06-25
https://www.youtube.com/watch?v=8MlSiOBNSSs&ab_channel=Farming Simulator,2024-06-25
https://www.youtube.com/watch?v=xS61rsgTt1M&ab_channel=Marie,2024-06-25
https://www.youtube.com/watch?v=ohWeFBTHUr0&ab_channel=Vogue,2024-06-25
https://www.youtube.com/watch?v=6hrHndpEelU&ab_channel=Vogue,2024-06-25
https://www.youtube.com/watch?v=xsLKKloe9vo&ab_channel=L' AntreDuMaître,2024-06-25
https://www.youtube.com/watch?v=iRWWYoFVzYo&ab_channel=HugoDécrypte - Grands formats,2024-06-25
https://www.youtube.com/watch?v=d-Im7NR9gx4&ab_channel=Laurette,2024-06-25
https://www.youtube.com/watch?v=fZ8fz2hBG2E&ab_channel=Jojol,2024-06-25
https://www.youtube.com/watch?v=FyG21rXCxlY&ab_channel=SMTOWN,2024-06-25
https://www.youtube.com/watch?v=GxzHyrLHYaA&ab_channel=beIN SPORTS France,2024-06-25
https://www.youtube.com/watch?v=wfXs7QXy4IU&ab_channel=V2F,2024-06-25
https://www.youtube.com/watch?v=3jxUd-Mvujs&ab_channel=Sora Off,2024-06-25
https://www.youtube.com/watch?v=EdG_XpmaHRo&ab_channel=Studio Danielle,2024-06-25
https://www.youtube.com/watch?v=wtJt38PhTOE&ab_channel=VALORANT,2024-06-25
https://www.youtube.com/watch?v=b59rxDB_JRg&ab_channel=Focus Features,2024-06-25
https://www.youtube.com/watch?v=YL7G2LFxasM&ab_channel=Sulivan Gwed,2024-06-25
https://www.youtube.com/watch?v=2dm-zDKF9Zc&ab_channel=Captain Popcorn,2024-06-25
https://www.youtube.com/watch?v=-dpZ_9daayc&ab_channel=PI-WAN,2024-06-25
https://www.youtube.com/watch?v=VRHyI9g7zUw&ab_channel=TSN,2024-06-25
https://www.youtube.com/watch?v=MbUAZxXVbTU&ab_channel=beIN SPORTS France,2024-06-25
https://www.youtube.com/watch?v=oBrbejOHjLw&ab_channel=Gunna,2024-06-25
https://www.youtube.com/watch?v=gTkMhlrIl-4&ab_channel=Max,2024-06-25
https://www.youtube.com/watch?v=v6UhavYgvJ0&ab_channel=Paulygones,2024-06-25
https://www.youtube.com/watch?v=OL1AkIavBqw&ab_channel=Stefflon Don,2024-06-25
https://www.youtube.com/watch?v=tAnC8Hvqhm8&ab_channel=Clash of Clans,2024-06-25
https://www.youtube.com/watch?v=VmJmHQrXh3s&ab_channel=Doc Seven,2024-06-25
https://www.youtube.com/watch?v=zLxI7IInNsk&ab_channel=francetv slash / studio,2024-06-25
https://www.youtube.com/watch?v=9OwocMpEPNM&ab_channel=Léya,2024-06-25
https://www.youtube.com/watch?v=uNR3eIDI8KQ&ab_channel=Morgan VS,2024-06-25
https://www.youtube.com/watch?v=d7juoehsoNg&ab_channel=P’tite Giu,2024-06-25
https://www.youtube.com/watch?v=RoeXmaSE7Lo&ab_channel=PostMaloneVEVO,2024-06-25
https://www.youtube.com/watch?v=lkFQwO6BrEc&ab_channel=Wuthering Waves,2024-06-25
https://www.youtube.com/watch?v=ZusYg26VAw4&ab_channel=TSN,2024-06-25
https://www.youtube.com/watch?v=7D8nSPS6I80&ab_channel=HugoDécrypte - Actus du jour,2024-06-25
https://www.youtube.com/watch?v=zMiB7dkWgCQ&ab_channel=VALORANT,2024-06-25
https://www.youtube.com/watch?v=E-I3er7rqVE&ab_channel=janelle dltr,2024-06-25
https://www.youtube.com/watch?v=4FQE8hVxvYo&ab_channel=ARZ ,2024-06-25
https://www.youtube.com/watch?v=eLEEyR_t0D0&ab_channel=beIN SPORTS France,2024-06-25
https://www.youtube.com/watch?v=XZ0li1ek9CM&ab_channel=CamilaCabelloVEVO,2024-06-25
https://www.youtube.com/watch?v=ZnB4eIOWTv0&ab_channel=Zen Emission,2024-06-25
https://www.youtube.com/watch?v=dnt4BbC-rD8&ab_channel=EGO,2024-06-27
https://www.youtube.com/watch?v=tuhpv4Y9j4c&ab_channel=Wankil Studio - Laink et Terracid,2024-06-27
https://www.youtube.com/watch?v=CbMbvqA3-Ew&ab_channel=MichouOff,2024-06-27
https://www.youtube.com/watch?v=frJQao4zx9o&ab_channel=LeBouseuh,2024-06-27
https://www.youtube.com/watch?v=at6nYVMkYEg&ab_channel=toinelag,2024-06-27
https://www.youtube.com/watch?v=BPLBy0UJA-8&ab_channel=Zen Emission,2024-06-27
https://www.youtube.com/watch?v=RJMu2UEQ7D8&ab_channel=Lulu ronce de noyer,2024-06-27
https://www.youtube.com/watch?v=6tniJKkjVv0&ab_channel=ISK Officiel,2024-06-27
https://www.youtube.com/watch?v=nA4KB6zgxds&ab_channel=CYRILmp4,2024-06-27
https://www.youtube.com/watch?v=Nj6Qv73RCoQ&ab_channel=Koba LaD,2024-06-27
https://www.youtube.com/watch?v=iKsT8HXSfPA&ab_channel=LLOUD Official,2024-06-27
https://www.youtube.com/watch?v=ZepQDq-oh-k&ab_channel=House of Highlights,2024-06-27
https://www.youtube.com/watch?v=hs9_EsWJlgA&ab_channel=Emma Graziano,2024-06-27
https://www.youtube.com/watch?v=Lxu1zEKfIik&ab_channel=gaelle garcia diaz,2024-06-27
https://www.youtube.com/watch?v=HVugZ8051to&ab_channel=beIN SPORTS France,2024-06-27
https://www.youtube.com/watch?v=rzTg_l8kMlE&ab_channel=beIN SPORTS France,2024-06-27
https://www.youtube.com/watch?v=NQckvrekCgE&ab_channel=Le Shesh,2024-06-27
https://www.youtube.com/watch?v=tL3fWvEGgPo&ab_channel=Esile,2024-06-27
https://www.youtube.com/watch?v=MNoW6jNknT8&ab_channel=LCI,2024-06-27
https://www.youtube.com/watch?v=jzpPBAWCaF8&ab_channel=Copa América,2024-06-27
https://www.youtube.com/watch?v=biPoJRv3f_U&ab_channel=BABYMONSTER,2024-06-27
https://www.youtube.com/watch?v=cTZwBHE8tFM&ab_channel=beIN SPORTS France,2024-06-27
https://www.youtube.com/watch?v=EHg0pTC6NKw&ab_channel=Bigflo et Oli,2024-06-27
https://www.youtube.com/watch?v=NiiuxlUKMrY&ab_channel=France 3 Provence-Alpes-Côte d'Azur,2024-07-04
https://www.youtube.com/watch?v=OYzvuDHaHM0&ab_channel=Nino MssClick,2024-07-04
https://www.youtube.com/watch?v=JdOaLXjClxY&ab_channel=Natoo,2024-07-04
https://www.youtube.com/watch?v=9YRk_7pYWXo&ab_channel=Micode,2024-07-04
https://www.youtube.com/watch?v=X_fLcYpqRVg&ab_channel=Fiouze,2024-07-04
https://www.youtube.com/watch?v=H823g9yWE_0&ab_channel=NBA,2024-07-04
https://www.youtube.com/watch?v=hrfGEiqCEFk&ab_channel=Sneaze,2024-07-04
https://www.youtube.com/watch?v=ZkITTCz1mhk&ab_channel=QuavoVEVO,2024-07-04
https://www.youtube.com/watch?v=H_Ew76MxG1Y&ab_channel=Cinéma Trash,2024-07-04
https://www.youtube.com/watch?v=T4eSn9YEVL8&ab_channel=Simon Puech,2024-07-04
https://www.youtube.com/watch?v=cWsbT9Q0JDM&ab_channel=TheoBabac,2024-07-04
https://www.youtube.com/watch?v=P0lyEdu18Ac&ab_channel=Philippe Etchebest,2024-07-04
https://www.youtube.com/watch?v=3ycDtI4--GY&ab_channel=StreetPress,2024-07-04
https://www.youtube.com/watch?v=kUKMX8dzJi4&ab_channel=Roxane ASMR,2024-07-04
https://www.youtube.com/watch?v=Ovde5bk1dZI&ab_channel=Emma Graziano,2024-07-04
https://www.youtube.com/watch?v=J0Gzklc831E&ab_channel=Kaaris,2024-07-04
https://www.youtube.com/watch?v=LmMvo4_i7aQ&ab_channel=Trash Bandicoot,2024-07-04
https://www.youtube.com/watch?v=2iK3ccCsI6s&ab_channel=SMTOWN,2024-07-04
https://www.youtube.com/watch?v=WsKbaQcKIlM&ab_channel=massi & kami family,2024-07-04
https://www.youtube.com/watch?v=WTxSg8Kw-Jc&ab_channel=France tv sport,2024-07-04
https://www.youtube.com/watch?v=9xn0OHEZZ8Q&ab_channel=EminemMusic,2024-07-04
https://www.youtube.com/watch?v=UkWAVqprqMg&ab_channel=Les Revues du Monde,2024-07-04
https://www.youtube.com/watch?v=LovNW4OXGyg&ab_channel=Mastu,2024-07-04
https://www.youtube.com/watch?v=QFmvC8PlnIs&ab_channel=RTBFSport,2024-07-04
https://www.youtube.com/watch?v=OSZ0ORMLB00&ab_channel=gaelle garcia diaz,2024-07-04
https://www.youtube.com/watch?v=KGt9bXFsoFI&ab_channel=Lenie,2024-07-04
https://www.youtube.com/watch?v=6Xt7lbI1wG0&ab_channel=La Maison,2024-07-04
https://www.youtube.com/watch?v=zLBZzxp0Xmo&ab_channel=beIN SPORTS France,2024-07-04
https://www.youtube.com/watch?v=q392mSz4VeY&ab_channel=ImagineDragonsVEVO,2024-07-04
https://www.youtube.com/watch?v=n3PHyyv0uUw&ab_channel=Leo Succulent,2024-07-04
https://www.youtube.com/watch?v=hqXwRaAFEtk&ab_channel=(G)I-DLE (여자)아이들 (Official YouTube Channel),2024-07-04
https://www.youtube.com/watch?v=DqULbyOW6uU&ab_channel=beIN SPORTS France,2024-07-04
https://www.youtube.com/watch?v=W9EsLx8pG_Q&ab_channel=Marie,2024-07-04
https://www.youtube.com/watch?v=00yBpMIVBXM&ab_channel=beIN SPORTS France,2024-07-04
https://www.youtube.com/watch?v=lmb6mcSv0Bc&ab_channel=Ninjaxx,2024-07-04
https://www.youtube.com/watch?v=0fxoN3V5hOU&ab_channel=L' immigré parisien,2024-07-04
https://www.youtube.com/watch?v=WApfculOces&ab_channel=AFTER FOOT,2024-07-04
https://www.youtube.com/watch?v=PWl06yaBMPQ&ab_channel=L' immigré parisien,2024-07-04
https://www.youtube.com/watch?v=RwovqoJIg2g&ab_channel=BattlefrontFR,2024-07-04
https://www.youtube.com/watch?v=X0HIrS6kUYI&ab_channel=EminemMusic,2024-07-04
https://www.youtube.com/watch?v=cwAmqc3_H8Y&ab_channel=Léo Duff,2024-07-04
https://www.youtube.com/watch?v=YjvCikZl6l4&ab_channel=LLOUD Official,2024-07-04
https://www.youtube.com/watch?v=DC3rRN6Du7A&ab_channel=Shera ,2024-07-04
https://www.youtube.com/watch?v=2BReqL3E5f4&ab_channel=LSPLASH,2024-07-04
https://www.youtube.com/watch?v=bbkNm739ULA&ab_channel=Deep Purple Official,2024-07-04
https://www.youtube.com/watch?v=V3IVdLo-2NM&ab_channel=Coldplay,2024-07-04
https://www.youtube.com/watch?v=ukxuSZDVCuU&ab_channel=RMCSport,2024-07-04
https://www.youtube.com/watch?v=2yy_Vd4Jm1w&ab_channel=Fédération Française de Football,2024-07-04
https://www.youtube.com/watch?v=Z3gFlI0zTvs&ab_channel=Sir Gibsy,2024-07-04
https://www.youtube.com/watch?v=Rl0m-5rMF9w&ab_channel=styleto,2024-07-04
https://www.youtube.com/watch?v=LWmmW9oa1JA&ab_channel=JOYCA,2024-07-09
https://www.youtube.com/watch?v=kVBqoT6jwkc&ab_channel=Joueur Du Grenier,2024-07-09
https://www.youtube.com/watch?v=0Q-Di5jhWiQ&ab_channel=HugoDécrypte - Actus du jour,2024-07-09
https://www.youtube.com/watch?v=XILytOoOPtg&ab_channel=Amixem,2024-07-09
https://www.youtube.com/watch?v=oiQGlxx8LVQ&ab_channel=Squad Busters,2024-07-09
https://www.youtube.com/watch?v=WnERfBKZlwE&ab_channel=LCP - Assemblée nationale,2024-07-09
https://www.youtube.com/watch?v=XMfUz0oRtRM&ab_channel=LCP - Assemblée nationale,2024-07-09
https://www.youtube.com/watch?v=Lp1eL7R7d5w&ab_channel=CYRILstudio,2024-07-09
https://www.youtube.com/watch?v=1LAL6z3d22U&ab_channel=LinksTheSun,2024-07-09
https://www.youtube.com/watch?v=XE9rAyp099M&ab_channel=Domi & Yani,2024-07-09
https://www.youtube.com/watch?v=n_GDY2p81kI&ab_channel=MarcA2C,2024-07-09
https://www.youtube.com/watch?v=DsSK-u06x8o&ab_channel=L'ÉQUIPE,2024-07-09
https://www.youtube.com/watch?v=9fn9CycqLUE&ab_channel=Le Monde,2024-07-09
https://www.youtube.com/watch?v=x7bDk4Jvh6s&ab_channel=SQUEEZIE,2024-07-09
https://www.youtube.com/watch?v=OA1VMPj7bYQ&ab_channel=Kombo,2024-07-09
https://www.youtube.com/watch?v=sMeM0euUbXg&ab_channel=Warner Bros. France,2024-07-09
https://www.youtube.com/watch?v=YL1sGx6y5NI&ab_channel=HugoDécrypte - Actus du jour,2024-07-09
https://www.youtube.com/watch?v=rmEkhRFxKuk&ab_channel=CANAL+ Sport,2024-07-09
https://www.youtube.com/watch?v=XHlINPtweRQ&ab_channel=Charles & Mélanie,2024-07-09
https://www.youtube.com/watch?v=HZbU_qh74m4&ab_channel=Trash,2024-07-09
https://www.youtube.com/watch?v=wcnAtt2IopQ&ab_channel=Pokémon Trash,2024-07-09
https://www.youtube.com/watch?v=pN61LD-SfTM&ab_channel=Fédération Française de Football,2024-07-09
https://www.youtube.com/watch?v=vxGWLTBmA78&ab_channel=DaFuq!?Boom!,2024-07-09
https://www.youtube.com/watch?v=Nq9PkH3UgEo&ab_channel=vizmedia,2024-07-09
https://www.youtube.com/watch?v=LKSQeGbMlao&ab_channel=Louis-San,2024-07-09
https://www.youtube.com/watch?v=pdOq-VD-Iao&ab_channel=thierry vigneau Boiserie,2024-07-09
https://www.youtube.com/watch?v=H58vbez_m4E&ab_channel=KendrickLamarVEVO,2024-07-09
https://www.youtube.com/watch?v=nO7vL_bWZO4&ab_channel=France Rugby,2024-07-09
https://www.youtube.com/watch?v=oU8XAb7-UGM&ab_channel=L' immigré parisien,2024-07-09
https://www.youtube.com/watch?v=ZTCLy8Y3FHw&ab_channel=CrazyBomb World,2024-07-09
https://www.youtube.com/watch?v=-dhTly5e6tc&ab_channel=L'Algerino,2024-07-09
https://www.youtube.com/watch?v=Ns43BINl8gI&ab_channel=L2B,2024-07-09
https://www.youtube.com/watch?v=gG9QuwvrfAA&ab_channel=beIN SPORTS France,2024-07-09
https://www.youtube.com/watch?v=84034w0UhxI&ab_channel=Koba LaD,2024-07-09
https://www.youtube.com/watch?v=J_LtDIVxIC4&ab_channel=SBSKPOP X INKIGAYO,2024-07-09
https://www.youtube.com/watch?v=KMk65OTGZKo&ab_channel=beIN SPORTS France,2024-07-09
https://www.youtube.com/watch?v=1X5wcjiX6_M&ab_channel=MATH,2024-07-09
https://www.youtube.com/watch?v=CQXbkGI-tmQ&ab_channel=FORMULA 1,2024-07-09
https://www.youtube.com/watch?v=90kmGT3RPKU&ab_channel=KLM PURSANG ,2024-07-09
https://www.youtube.com/watch?v=vGp4TwRNtFY&ab_channel=Gambi,2024-07-09
https://www.youtube.com/watch?v=DQZwQ3OZVYE&ab_channel=Evan,2024-07-09
https://www.youtube.com/watch?v=x9BEryR_U_c&ab_channel=Franglish,2024-07-09
https://www.youtube.com/watch?v=egOIEGJnDk0&ab_channel=beIN SPORTS France,2024-07-09
https://www.youtube.com/watch?v=sA7DCSz-kZc&ab_channel=Naps Officiel,2024-07-09
https://www.youtube.com/watch?v=OdQrlp3uYQM&ab_channel=Crunchyroll,2024-07-09
https://www.youtube.com/watch?v=jJpbIO2EugA&ab_channel=RK OFFICIEL,2024-07-09
https://www.youtube.com/watch?v=BXswCQKkje8&ab_channel=Qin Hui,2024-07-09
https://www.youtube.com/watch?v=b9e6Dxd5Hsc&ab_channel=Le Monde Afrique,2024-07-09
https://www.youtube.com/watch?v=NVYiPM93IQ8&ab_channel=Laurette,2024-07-09
https://www.youtube.com/watch?v=lQfSm2PlS2Y&ab_channel=ISS,2024-07-09
https://www.youtube.com/watch?v=dR11XnLCMmE&ab_channel=AminematueLive,2024-07-18
https://www.youtube.com/watch?v=WIZ4N_KtRU4&ab_channel=Booska-P,2024-07-18
https://www.youtube.com/watch?v=pBM2xyco_Kg&ab_channel=EA SPORTS FC,2024-07-18
https://www.youtube.com/watch?v=QsYtVyg6EOA&ab_channel=Arielle Dombasle,2024-07-18
https://www.youtube.com/watch?v=f28Iv_t82d8&ab_channel=Tristan,2024-07-18
https://www.youtube.com/watch?v=Zry001ztxE0&ab_channel=TheoBabac,2024-07-18
https://www.youtube.com/watch?v=--Ww_6xGzzc&ab_channel=toinelag,2024-07-18
https://www.youtube.com/watch?v=Ifa6OsZhpfw&ab_channel=Ntaba2London,2024-07-18
https://www.youtube.com/watch?v=XD2wqkZ4gU8&ab_channel=THEODORT,2024-07-18
https://www.youtube.com/watch?v=yoJ_iaWAcw4&ab_channel=NBA,2024-07-18
https://www.youtube.com/watch?v=u7V2lcFC-WU&ab_channel=Groland Le Zapoï,2024-07-18
https://www.youtube.com/watch?v=ICnDFbOX0Dc&ab_channel=Louis-San TV,2024-07-18
https://www.youtube.com/watch?v=Dw1xXToIgNw&ab_channel=Philippe Etchebest,2024-07-18
https://www.youtube.com/watch?v=PkFQztr744I&ab_channel=THEA,2024-07-18
https://www.youtube.com/watch?v=BbX1jvZvKbg&ab_channel=Popcorn,2024-07-18
https://www.youtube.com/watch?v=3FJwZ-Txp20&ab_channel=Neoxi,2024-07-18
https://www.youtube.com/watch?v=tyuBNZ_yAQ8&ab_channel=Mcfly et Carlito,2024-07-18
https://www.youtube.com/watch?v=w4eYMzQEVOQ&ab_channel=Gurky,2024-07-18
https://www.youtube.com/watch?v=ofUbwX-_NFw&ab_channel=Mastu,2024-07-18
https://www.youtube.com/watch?v=FM4HE4ehd28&ab_channel=Tamburini's,2024-07-18
https://www.youtube.com/watch?v=uxjhN_Donfw&ab_channel=GracieAbramsVEVO,2024-07-18
https://www.youtube.com/watch?v=0--TYqIqjYM&ab_channel=IbraTV,2024-07-18
https://www.youtube.com/watch?v=9PHF5pS0yJw&ab_channel=Michou,2024-07-18
https://www.youtube.com/watch?v=uSfpoSdD1Qw&ab_channel=LEGEND,2024-07-18
https://www.youtube.com/watch?v=4SNThp0YiU4&ab_channel=MrBeast,2024-07-18
https://www.youtube.com/watch?v=LifyTc8V-8U&ab_channel=TV5MONDE Info,2024-07-18
https://www.youtube.com/watch?v=kebbCFA_P1E&ab_channel=Blarod,2024-07-18
https://www.youtube.com/watch?v=_0mDUwdzJj4&ab_channel=Arielle Dombasle,2024-07-18
https://www.youtube.com/watch?v=ZqMMyYKm5LE&ab_channel=Pidi,2024-07-18
https://www.youtube.com/watch?v=cMalxQVdAgQ&ab_channel=Zamdane,2024-07-18
https://www.youtube.com/watch?v=eWwIJWirkCM&ab_channel=Techno Trash,2024-07-18
https://www.youtube.com/watch?v=4L1toEUKyQ0&ab_channel=Julgane,2024-07-18
https://www.youtube.com/watch?v=VY5ouDiwraw&ab_channel=L'ÉQUIPE,2024-07-18
https://www.youtube.com/watch?v=kWys_xkoJ4g&ab_channel=Hiloshow,2024-07-18
https://www.youtube.com/watch?v=lqjhmuShKig&ab_channel=IBEPDS,2024-07-18
https://www.youtube.com/watch?v=EoprtQpL9NM&ab_channel=france tv,2024-07-18
https://www.youtube.com/watch?v=ZnLpWQoUfKw&ab_channel=Les Freres Poulain,2024-07-18
https://www.youtube.com/watch?v=R1EjaGz1LrI&ab_channel=OM,2024-07-18
https://www.youtube.com/watch?v=XSzzfcn_9FM&ab_channel=Les Artisans de Demain,2024-07-18
https://www.youtube.com/watch?v=c_2KZYg_1KU&ab_channel=HugoDécrypte - Actus du jour,2024-07-18
https://www.youtube.com/watch?v=lSyd8VD9Nuc&ab_channel=Fuzay²,2024-07-18
https://www.youtube.com/watch?v=_qNHS2hTwL8&ab_channel=France Rugby,2024-07-18
https://www.youtube.com/watch?v=pIJBnntM7a0&ab_channel=Fugu,2024-07-18
https://www.youtube.com/watch?v=r7RRs4Ceqnk&ab_channel=beIN SPORTS France,2024-07-18
https://www.youtube.com/watch?v=jXpta0nqtNU&ab_channel=La Maison,2024-07-18
https://www.youtube.com/watch?v=HX78NiaC1HY&ab_channel=Nino MssClick,2024-07-18
https://www.youtube.com/watch?v=tcq26dH5GIQ&ab_channel=F1 à la Loupe,2024-07-18
https://www.youtube.com/watch?v=7ziqAXuZwe8&ab_channel=Poisson Fécond,2024-07-18
https://www.youtube.com/watch?v=oKoBjDMDZEI&ab_channel=CHEU-B,2024-07-18
https://www.youtube.com/watch?v=wW5TfmTrkWI&ab_channel=Laurette,2024-07-18
